{"астана": [51.1282205, 71.4306682], "алматы": [43.2363924, 76.9457275]}